slug,source
about,app_top_level_directory
account,app_top_level_directory
admin,app_top_level_directory
api,app_top_level_directory
artwork,app_top_level_directory
best-sellers,app_top_level_directory
blog,app_top_level_directory
brands,app_top_level_directory
cart,app_top_level_directory
catalog,app_top_level_directory
category,app_top_level_directory
collections,app_top_level_directory
contact,app_top_level_directory
eco,app_top_level_directory
faq,app_top_level_directory
indent,app_top_level_directory
new-arrivals,app_top_level_directory
order-confirmation,app_top_level_directory
place-order,app_top_level_directory
privacy,app_top_level_directory
products,app_top_level_directory
refund-return,app_top_level_directory
resources,app_top_level_directory
reviews,app_top_level_directory
sale,app_top_level_directory
sales-terms,app_top_level_directory
search,app_top_level_directory
services,app_top_level_directory
supply-chain,app_top_level_directory
sustainability,app_top_level_directory
testimonials,app_top_level_directory
track-order,app_top_level_directory
upload,app_top_level_directory
website-terms,app_top_level_directory
