product_code,product_name
108470,Genisys Bluetooth Speaker
109075,Synergy Laptop Bag
110096,Spark Stylus Pen - Metallic
110459,Reflex Notebook - Small
110519,Solano Screen Cleaner
112397,Meridian Notebook - Two Tone
112832,Enzo Magnetic Phone Holder
113652,Seattle Fleece Gloves
113843,Seattle Polar Fleece Set
113845,Seattle Scarf and Gloves Set
115042,Crema Coffee Plunger - Small
115714,Highlander Cap
116307,Panther Pencil Case
117842,Grove Notebook
118500,Anti-Microbial Pen
118573,CamelBak Horizon Vacuum Camp Mug
119580,SOLS Sporty Mens Tank Top
120618,CamelBak Horizon Vacuum Bottle - 750ml
120674,SOLS Pioneer Womens Organic T-Shirt
121155,Custom Mens Sports Singlet
121156,Custom Mens Performance Singlet
121157,Custom Mens Sports T-Shirt
121158,Custom Mens Sports V-Neck T- Shirt
121159,Custom Mens Performance T-Shirt
121160,Custom Mens Performance V-Neck T-Shirt
121161,Custom Mens Sports Polo
121163,Custom Mens Performance Polo
121165,Custom Mens Sports Hoodie
121171,Custom Mens Sports Shorts
121172,Custom Mens Sports Pants
121174,Custom Womens Sports Singlet
121175,Custom Womens Performance Singlet
121176,Custom Womens Sports T-Shirt
121177,Custom Womens Sports V-Neck T- Shirt
121178,Custom Womens Performance T-Shirt
121179,Custom Womens Performance V-Neck T-Shirt
121180,Custom Womens Sports Polo
121182,Custom Womens Performance Polo
121184,Custom Womens Sports Hoodie
121190,Custom  Womens Sports Shorts
121191,Custom Womens Sports Pants
121710,SOLS Perfect Men's Long Sleeve Polo
121729,Bamboo Handy Clip
122322,Keepsake Cheese Knife Set
123158,SOLS Planet Mens Polo
123367,Custom Kids Sports Singlet
123368,Custom Kids Sports T-Shirt
123369,Custom Kids Performance T-Shirt
123370,Custom Kids Sports Polo
123371,Custom Kids Sports Hoodie
123372,Custom Kids Sports Shorts
123373,Custom Kids Sports Pants
124127,Lancer Pen ReGrind
124146,Runner Bluetooth Earbuds
125273,Swiss Peak Urban Polo
125279,Swiss Peak Wireless Headphone V3
126461,Alchemy Glass Tumbler - Sale
127158,Impala Flat Peak Mesh Cap - Sale
127171,Turbo Pen - White Barrel - Sale
129133,SOLS Prime Men's Polo Shirt - Sale
129155,SOLS Imperial Adult T-Shirt - Sale
129163,Java Vacuum Cup - 230ml - Sale
129165,Nordic Cooler Bag - Sale
129191,Pierre Cardin Nouvelle Notebook - Special
129192,Pierre Cardin Nouvelle Notebook Gift Set - Special
129194,SOLS Prime Women's Polo Shirt - Sale
