released_date,product_code,product_name
133808,09/07/2026,Kadi Carry-On Suitcase - Leisure
133810,09/07/2026,Kadi Check-In Suitcase - Large
133807,09/07/2026,Kadi Carry-On Suitcase - Business
133809,09/07/2026,Kadi Check-In Suitcase - Medium
133815,16/06/2026,Bodum Assam Tea Press
133814,16/06/2026,Bodum Brazil French Press 350ml
133813,16/06/2026,Bodum Brazil French Press 1L
133817,16/06/2026,Bodum Bistro Double Wall Mugs - Set of 2
133818,16/06/2026,Bodum Pavina Double Wall Glasses - Large - Set of 2
133816,16/06/2026,Bodum Pavina Double Wall Glasses - Medium - Set of 2
129615,16/06/2026,Cora Coffee Mug
129665,16/06/2026,Corsica Coffee Cup
129697,16/06/2026,Barista Stackable Coffee Mug
129700,16/06/2026,Neoprene Cup Sleeve - Medium
129699,16/06/2026,Neoprene Cup Sleeve - Small
129730,16/06/2026,Custom Knitted Slippers
129726,16/06/2026,Custom Cozy Socks
133657,16/06/2026,Custom Youth Active Hoodie
133656,16/06/2026,Custom Womens Active Hoodie
133655,16/06/2026,Custom Mens Active Hoodie
133407,16/06/2026,Custom Youth Active Shorts
133406,16/06/2026,Custom Womens Active Shorts
133405,16/06/2026,Custom Mens Active Shorts
133404,16/06/2026,Custom Youth Active Pants
133403,16/06/2026,Custom Womens Active Pants
133402,16/06/2026,Custom Mens Active Pants
133401,16/06/2026,Custom Youth Active Polo
133400,16/06/2026,Custom Womens Active Polo
133399,16/06/2026,Custom Mens Active Polo
133398,16/06/2026,Custom Womens Active V-Neck T-Shirt
133397,16/06/2026,Custom Mens Active V-Neck T-Shirt
133396,16/06/2026,Custom Youth Active T-Shirt
133395,16/06/2026,Custom Womens Active T-Shirt
133394,16/06/2026,Custom Mens Active T-Shirt
133393,16/06/2026,Custom Youth Active Tank Top
133392,16/06/2026,Custom Womens Active Tank Top
133391,16/06/2026,Custom Mens Active Tank Top
129729,16/06/2026,Custom Lightweight Scarf
129728,16/06/2026,Custom Elastic Headband
133563,16/06/2026,Falcon Custom Cap with Full Colour Patch
133562,16/06/2026,Cruise Custom Cap with Full Colour Patch
129704,16/06/2026,Pulse Sports Cap
129725,16/06/2026,Cabana Custom Wide Brim Hat
129724,16/06/2026,Custom Reversible Twill/Terry Bucket Hat
129723,16/06/2026,Terry Towelling Bucket Hat with Full Colour Patch
129722,16/06/2026,Sonny Custom Bucket Hat with Embroidery Patch
129721,16/06/2026,Sonny Custom Bucket Hat with Full Colour Patch
129621,16/06/2026,Frontier Ridge Beanie
129702,16/06/2026,PVC Key Covers
133812,16/06/2026,HangFindy Bluetooth Tracker
133811,16/06/2026,Skullcandy Icon 180 Wireless Headphones
129578,16/06/2026,Aden Lunch Cooler Bag
129577,16/06/2026,Sabian Lunch Cooler Bag
129734,16/06/2026,Frontier Rapid Dry Towel
129735,16/06/2026,Frontier Torrent Camping Blanket
129580,16/06/2026,Eon Spinner Pen
129689,16/06/2026,SPICE Waste2Gear Umbrella
129698,16/06/2026,Baseline Pickleball Set
129490,18/11/2025,Panama Palette Pen
128808,15/07/2025,SPICE Calypso Bottle 500ml - Full Colour
110593,11/02/2025,Monza Jute Tote Bag
110916,11/02/2025,Torino Jute Tote Bag
124422,11/02/2025,Modena Jute Tote Bag
127014,11/02/2025,Lanza Jute Tote Bag
127326,30/07/2024,Burano Colour Changing Cup
